beta,lambda_B_r0,lambda_B_r1
4.407100524401274533e-01,nan,nan
8.000000000000000444e-01,nan,nan
8.012658227848101777e-01,nan,nan
8.025316455696203111e-01,nan,nan
8.037974683544304444e-01,nan,nan
8.050632911392405777e-01,nan,nan
8.063291139240507110e-01,nan,nan
8.075949367088608444e-01,nan,nan
8.088607594936709777e-01,nan,nan
8.101265822784811110e-01,nan,nan
8.113924050632911333e-01,nan,nan
8.126582278481012667e-01,nan,nan
8.139240506329114000e-01,nan,nan
8.151898734177215333e-01,nan,nan
8.164556962025316666e-01,nan,nan
8.177215189873418000e-01,nan,nan
8.189873417721519333e-01,nan,nan
8.202531645569620666e-01,nan,nan
8.215189873417722000e-01,nan,nan
8.227848101265823333e-01,nan,nan
8.240506329113924666e-01,nan,nan
8.253164556962025999e-01,nan,nan
8.265822784810127333e-01,nan,nan
8.278481012658228666e-01,nan,nan
8.291139240506329999e-01,nan,nan
8.303797468354430222e-01,nan,nan
8.316455696202531556e-01,nan,nan
8.329113924050632889e-01,nan,nan
8.341772151898734222e-01,nan,nan
8.354430379746835555e-01,nan,nan
8.367088607594936889e-01,nan,nan
8.379746835443038222e-01,nan,nan
8.392405063291139555e-01,nan,nan
8.405063291139240889e-01,nan,nan
8.417721518987342222e-01,nan,nan
8.430379746835443555e-01,nan,nan
8.443037974683544888e-01,nan,nan
8.455696202531646222e-01,nan,nan
8.468354430379747555e-01,nan,nan
8.481012658227848888e-01,nan,nan
8.493670886075950222e-01,nan,nan
8.506329113924051555e-01,nan,nan
8.518987341772151778e-01,nan,nan
8.531645569620253111e-01,nan,nan
8.544303797468354444e-01,nan,nan
8.556962025316455778e-01,nan,nan
8.569620253164557111e-01,nan,nan
8.582278481012658444e-01,nan,nan
8.594936708860759778e-01,nan,nan
8.607594936708861111e-01,nan,nan
8.620253164556962444e-01,nan,nan
8.632911392405063777e-01,nan,nan
8.645569620253165111e-01,nan,nan
8.658227848101266444e-01,nan,nan
8.670886075949367777e-01,nan,nan
8.683544303797469111e-01,nan,nan
8.696202531645569334e-01,nan,nan
8.708860759493670667e-01,nan,nan
8.721518987341772000e-01,nan,nan
8.734177215189873333e-01,nan,nan
8.746835443037974667e-01,nan,nan
8.759493670886076000e-01,nan,nan
8.772151898734177333e-01,nan,nan
8.784810126582278667e-01,nan,nan
8.797468354430380000e-01,nan,nan
8.810126582278481333e-01,nan,nan
8.815693488197207106e-01,-9.995570245131357723e-01,9.995570245131357723e-01
8.822784810126582666e-01,-9.979530056555107054e-01,9.979530056555110384e-01
8.835443037974684000e-01,-9.950922098539348726e-01,9.950922098539347616e-01
8.848101265822785333e-01,-9.922494944721899079e-01,9.922494944721903520e-01
8.860759493670886666e-01,-9.894135332207117939e-01,9.894135332207122380e-01
8.873417721518987999e-01,-9.865930617306324368e-01,9.865930617306323258e-01
8.886075949367089333e-01,-9.837821689189739649e-01,9.837821689189738539e-01
8.898734177215190666e-01,-9.809832806634627422e-01,9.809832806634630753e-01
8.911392405063291999e-01,-9.781971211602558114e-01,9.781971211602558114e-01
8.924050632911393333e-01,-9.754197239634571082e-01,9.754197239634576633e-01
8.936708860759493556e-01,-9.726579628206937223e-01,9.726579628206937223e-01
8.949367088607594889e-01,-9.699020886534439612e-01,9.699020886534444053e-01
8.962025316455696222e-01,-9.671642663491734071e-01,9.671642663491731851e-01
8.974683544303797555e-01,-9.644322128463354016e-01,9.644322128463352906e-01
8.987341772151898889e-01,-9.617156038232659299e-01,9.617156038232659299e-01
9.000000000000000222e-01,-9.590070377291340931e-01,9.590070377291340931e-01
9.176470588235294823e-01,-9.223965958443752777e-01,9.223965958443751667e-01
9.352941176470588314e-01,-8.877922353923568544e-01,8.877922353923566323e-01
9.529411764705882915e-01,-8.550509877597858299e-01,8.550509877597857189e-01
9.705882352941176405e-01,-8.240475892126120083e-01,8.240475892126118973e-01
9.882352941176471006e-01,-7.946599504130894553e-01,7.946599504130893443e-01
1.005882352941176450e+00,-7.667846172296264307e-01,7.667846172296260976e-01
1.023529411764705799e+00,-7.403138555710154778e-01,7.403138555710153668e-01
1.041176470588235370e+00,-7.151620471135839985e-01,7.151620471135843315e-01
1.058823529411764719e+00,-6.912456908624250440e-01,6.912456908624251550e-01
1.076470588235294068e+00,-6.684827749270835229e-01,6.684827749270837449e-01
1.094117647058823639e+00,-6.468089155533800483e-01,6.468089155533802703e-01
1.111764705882352988e+00,-6.261526196521680632e-01,6.261526196521678411e-01
1.129411764705882337e+00,-6.064551612709024875e-01,6.064551612709024875e-01
1.147058823529411686e+00,-5.876590268226350444e-01,5.876590268226355995e-01
1.164705882352941257e+00,-5.697127894708956530e-01,5.697127894708958751e-01
1.182352941176470607e+00,-5.525697671874677530e-01,5.525697671874679751e-01
1.199999999999999956e+00,-5.361829214002635791e-01,5.361829214002634680e-01
1.217647058823529527e+00,-5.205090961395643090e-01,5.205090961395643090e-01
1.235294117647058876e+00,-5.055107334427679788e-01,5.055107334427679788e-01
1.252941176470588225e+00,-4.911512099875694481e-01,4.911512099875695592e-01
1.270588235294117574e+00,-4.773948880094150971e-01,4.773948880094150971e-01
1.288235294117647145e+00,-4.642105385851609811e-01,4.642105385851612032e-01
1.305882352941176494e+00,-4.515725704307228527e-01,4.515725704307226862e-01
1.323529411764705843e+00,-4.394455987967748056e-01,4.394455987967748056e-01
1.341176470588235414e+00,-4.278086024547368971e-01,4.278086024547370081e-01
1.358823529411764763e+00,-4.166374822559162916e-01,4.166374822559162916e-01
1.376470588235294112e+00,-4.059058879592856162e-01,4.059058879592854496e-01
1.394117647058823461e+00,-3.955932825481257575e-01,3.955932825481256465e-01
1.411764705882352811e+00,-3.856797243464100133e-01,3.856797243464099023e-01
1.429411764705882382e+00,-3.761458678109859677e-01,3.761458678109859677e-01
1.447058823529411731e+00,-3.669729661458266956e-01,3.669729661458267511e-01
1.464705882352941302e+00,-3.581428753837739842e-01,3.581428753837739842e-01
1.482352941176470651e+00,-3.496460742366040431e-01,3.496460742366039320e-01
1.500000000000000000e+00,-3.414611453937053120e-01,3.414611453937053120e-01
1.517647058823529349e+00,-3.335715492952061600e-01,3.335715492952064931e-01
1.535294117647058698e+00,-3.259737559271090879e-01,3.259737559271090879e-01
1.552941176470588269e+00,-3.186425070078004462e-01,3.186425070078004462e-01
1.570588235294117618e+00,-3.115773900608503344e-01,3.115773900608502234e-01
1.588235294117647189e+00,-3.047586393480474221e-01,3.047586393480474221e-01
1.605882352941176539e+00,-2.981752538288244825e-01,2.981752538288244825e-01
1.623529411764705888e+00,-2.918260445758015242e-01,2.918260445758016353e-01
1.641176470588235237e+00,-2.856928144824655291e-01,2.856928144824654736e-01
1.658823529411764586e+00,-2.797672012284764809e-01,2.797672012284764254e-01
1.676470588235294157e+00,-2.740411127825470028e-01,2.740411127825470583e-01
1.694117647058823506e+00,-2.685067184858957456e-01,2.685067184858959122e-01
1.711764705882353077e+00,-2.631564502784899395e-01,2.631564502784898285e-01
1.729411764705882426e+00,-2.579840047589465613e-01,2.579840047589465613e-01
1.747058823529411775e+00,-2.529801486662167087e-01,2.529801486662165977e-01
1.764705882352941124e+00,-2.481381754154082797e-01,2.481381754154083075e-01
1.782352941176470473e+00,-2.434533996448546844e-01,2.434533996448545734e-01
1.800000000000000044e+00,-2.389184048489264856e-01,2.389184048489264578e-01
1.817647058823529393e+00,-2.345269921159616189e-01,2.345269921159615356e-01
1.835294117647058965e+00,-2.302731731808758397e-01,2.302731731808759230e-01
1.852941176470588314e+00,-2.261511659388888706e-01,2.261511659388886764e-01
1.870588235294117663e+00,-2.221553902492847954e-01,2.221553902492847121e-01
1.888235294117647012e+00,-2.182820338685564909e-01,2.182820338685566020e-01
1.905882352941176361e+00,-2.145311078662591742e-01,2.145311078662592852e-01
1.923529411764705710e+00,-2.108915356363606497e-01,2.108915356363605942e-01
1.941176470588235503e+00,-2.073584547970277192e-01,2.073584547970277192e-01
1.958823529411764852e+00,-2.039333596459181330e-01,2.039333596459181330e-01
1.976470588235294201e+00,-2.006106027686440918e-01,2.006106027686440363e-01
1.994117647058823550e+00,-1.973813509406608657e-01,1.973813509406608935e-01
2.011764705882352899e+00,-1.942498969815878440e-01,1.942498969815878440e-01
2.029411764705882248e+00,-1.912083141254937446e-01,1.912083141254936336e-01
2.047058823529411598e+00,-1.882504168432774239e-01,1.882504168432775349e-01
2.064705882352941391e+00,-1.853830569815599072e-01,1.853830569815599627e-01
2.082352941176470740e+00,-1.825904466696524064e-01,1.825904466696522954e-01
2.100000000000000089e+00,-1.798821924373181502e-01,1.798821924373182057e-01
2.117647058823529438e+00,-1.772446088560363509e-01,1.772446088560363509e-01
2.135294117647058787e+00,-1.746838493644413681e-01,1.746838493644413681e-01
2.152941176470588136e+00,-1.721899050139709952e-01,1.721899050139712450e-01
2.170588235294117485e+00,-1.697675680412572830e-01,1.697675680412572552e-01
2.188235294117647278e+00,-1.674065984129459728e-01,1.674065984129457785e-01
2.205882352941176627e+00,-1.651142056272049130e-01,1.651142056272048297e-01
2.223529411764705976e+00,-1.628762282060144118e-01,1.628762282060143007e-01
2.241176470588235325e+00,-1.607058505092737455e-01,1.607058505092735790e-01
2.258823529411764675e+00,-1.585863254322035787e-01,1.585863254322035787e-01
2.276470588235294024e+00,-1.565257445303972761e-01,1.565257445303972483e-01
2.294117647058823373e+00,-1.545177006949441656e-01,1.545177006949441656e-01
2.311764705882352722e+00,-1.525582122377900640e-01,1.525582122377901473e-01
2.329411764705882515e+00,-1.506549157139854545e-01,1.506549157139854822e-01
2.347058823529411864e+00,-1.487950878699884072e-01,1.487950878699882129e-01
2.364705882352941213e+00,-1.469837348311917313e-01,1.469837348311918701e-01
2.382352941176470562e+00,-1.452197365541613161e-01,1.452197365541611496e-01
2.399999999999999911e+00,-1.434953692532900671e-01,1.434953692532899838e-01
2.417647058823529260e+00,-1.418169396021370099e-01,1.418169396021370654e-01
2.435294117647058609e+00,-1.401803126162787794e-01,1.401803126162787239e-01
2.452941176470588402e+00,-1.385798630313718194e-01,1.385798630313717916e-01
2.470588235294117752e+00,-1.370205003039049463e-01,1.370205003039049740e-01
2.488235294117647101e+00,-1.355004419034046836e-01,1.355004419034046836e-01
2.505882352941176450e+00,-1.340134488310091854e-01,1.340134488310092964e-01
2.523529411764705799e+00,-1.325605370828354390e-01,1.325605370828354945e-01
2.541176470588235148e+00,-1.311472487390590858e-01,1.311472487390590025e-01
2.558823529411764497e+00,-1.297642177569242883e-01,1.297642177569243438e-01
2.576470588235294290e+00,-1.284105740391531525e-01,1.284105740391530970e-01
2.594117647058823639e+00,-1.270908625207454734e-01,1.270908625207454179e-01
2.611764705882352988e+00,-1.258031650716818217e-01,1.258031650716818495e-01
2.629411764705882337e+00,-1.245424023041134670e-01,1.245424023041133699e-01
2.647058823529411686e+00,-1.233078141745770906e-01,1.233078141745769796e-01
2.664705882352941035e+00,-1.221039196919445624e-01,1.221039196919446179e-01
2.682352941176470384e+00,-1.209284195925347111e-01,1.209284195925346417e-01
2.700000000000000178e+00,-1.197769472525048312e-01,1.197769472525047896e-01
2.717647058823529527e+00,-1.186488373386756640e-01,1.186488373386756778e-01
2.735294117647058876e+00,-1.175453239072998535e-01,1.175453239072998673e-01
2.752941176470588225e+00,-1.164702242656253384e-01,1.164702242656253245e-01
2.770588235294117574e+00,-1.154166037946128404e-01,1.154166037946129098e-01
2.788235294117646923e+00,-1.143838788625898828e-01,1.143838788625899244e-01
2.805882352941176272e+00,-1.133714843761099295e-01,1.133714843761099156e-01
2.823529411764706065e+00,-1.123819339853185939e-01,1.123819339853186633e-01
2.841176470588235414e+00,-1.114160605647066954e-01,1.114160605647067509e-01
2.858823529411764763e+00,-1.104689143029285864e-01,1.104689143029287252e-01
2.876470588235294112e+00,-1.095399982457929133e-01,1.095399982457929550e-01
2.894117647058823461e+00,-1.086288309118844664e-01,1.086288309118844386e-01
2.911764705882352811e+00,-1.077352107083542065e-01,1.077352107083541510e-01
2.929411764705882160e+00,-1.068649557667888245e-01,1.068649557667889216e-01
2.947058823529411509e+00,-1.060110803297318743e-01,1.060110803297319298e-01
2.964705882352940858e+00,-1.051731599382051685e-01,1.051731599382050852e-01
2.982352941176470651e+00,-1.043507830903876998e-01,1.043507830903876582e-01
3.000000000000000000e+00,-1.035435507953735013e-01,1.035435507953734735e-01
3.288135593220339103e+00,-9.234890895692542123e-02,9.234890895692560164e-02
3.576271186440678207e+00,-8.397153313923649831e-02,8.397153313923638729e-02
3.864406779661016866e+00,-7.750380704094368689e-02,7.750380704094382567e-02
4.152542372881356414e+00,-7.238585554679442813e-02,7.238585554679445588e-02
4.440677966101695517e+00,-6.824187763512012950e-02,6.824187763512019889e-02
4.728813559322033733e+00,-6.482262570545446745e-02,6.482262570545437030e-02
5.016949152542372836e+00,-6.194472978809847236e-02,6.194472978809837521e-02
5.305084745762711940e+00,-5.949857465956841229e-02,5.949857465956837066e-02
5.593220338983051043e+00,-5.737966295985297283e-02,5.737966295985297976e-02
5.881355932203390147e+00,-5.554183293319030212e-02,5.554183293319032988e-02
6.169491525423728362e+00,-5.391641108660830128e-02,5.391641108660834986e-02
6.457627118644067465e+00,-5.246864043139268241e-02,5.246864043139268241e-02
6.745762711864406569e+00,-5.118386964151719343e-02,5.118386964151720731e-02
7.033898305084745672e+00,-5.002297889598345676e-02,5.002297889598342900e-02
7.322033898305084776e+00,-4.896765079401381449e-02,4.896765079401380755e-02
7.610169491525423879e+00,-4.800302534044302571e-02,4.800302534044301184e-02
7.898305084745762983e+00,-4.712508194041090809e-02,4.712508194041088727e-02
8.186440677966102086e+00,-4.632172748221544817e-02,4.632172748221549674e-02
8.474576271186441190e+00,-4.557861278115584586e-02,4.557861278115581116e-02
8.762711864406780293e+00,-4.488866819655952523e-02,4.488866819655949053e-02
9.050847457627117620e+00,-4.424590232666993084e-02,4.424590232666995165e-02
9.338983050847456724e+00,-4.364520357932788475e-02,4.364520357932783617e-02
9.627118644067795827e+00,-4.308218403302286476e-02,4.308218403302276067e-02
9.915254237288134931e+00,-4.255413264546634156e-02,4.255413264546642482e-02
1.020338983050847403e+01,-4.206606909787179160e-02,4.206606909787169446e-02
1.049152542372881314e+01,-4.160589678967916566e-02,4.160589678967922811e-02
1.077966101694915224e+01,-4.117110000327016406e-02,4.117110000327015712e-02
1.106779661016949134e+01,-4.075946367805235310e-02,4.075946367805228371e-02
1.135593220338983045e+01,-4.036902951740439782e-02,4.036902951740434231e-02
1.164406779661016955e+01,-3.999805959127335220e-02,3.999805959127334526e-02
1.193220338983050866e+01,-3.964500598132073700e-02,3.964500598132068843e-02
1.222033898305084776e+01,-3.930848532866387801e-02,3.930848532866384332e-02
1.250847457627118686e+01,-3.898725738351377368e-02,3.898725738351374592e-02
1.279661016949152597e+01,-3.868020684025172407e-02,3.868020684025162692e-02
1.308474576271186507e+01,-3.838632788440524829e-02,3.838632788440520666e-02
1.337288135593220417e+01,-3.810471098963114089e-02,3.810471098963114783e-02
1.366101694915254328e+01,-3.783453159059511212e-02,3.783453159059511212e-02
1.394915254237288238e+01,-3.757558109696849252e-02,3.757558109696840232e-02
1.423728813559322148e+01,-3.733341263062053134e-02,3.733341263062053828e-02
1.452542372881356059e+01,-3.710070818830000366e-02,3.710070818830000366e-02
1.481355932203389791e+01,-3.687689338294387192e-02,3.687689338294387886e-02
1.510169491525423702e+01,-3.666144121594702709e-02,3.666144121594703403e-02
1.538983050847457612e+01,-3.645386722357322334e-02,3.645386722357325110e-02
1.567796610169491522e+01,-3.625372521290727568e-02,3.625372521290727568e-02
1.596610169491525433e+01,-3.606060350507347967e-02,3.606060350507352824e-02
1.625423728813559165e+01,-3.587412161633130037e-02,3.587412161633133506e-02
1.654237288135593076e+01,-3.569392731831968341e-02,3.569392731831971116e-02
1.683050847457626986e+01,-3.551969402757600841e-02,3.551969402757602923e-02
1.711864406779660897e+01,-3.535111848183042360e-02,3.535111848183040278e-02
1.740677966101694807e+01,-3.518791866674867569e-02,3.518791866674864099e-02
1.769491525423728717e+01,-3.502983196197929916e-02,3.502983196197932692e-02
1.798305084745762628e+01,-3.487661347972055570e-02,3.487661347972063203e-02
1.827118644067796538e+01,-3.472803457271130684e-02,3.472803457271134153e-02
1.855932203389830448e+01,-3.458388149167500314e-02,3.458388149167503783e-02
1.884745762711864359e+01,-3.444395417490103695e-02,3.444395417490104389e-02
1.913559322033898269e+01,-3.430806515491306719e-02,3.430806515491310882e-02
1.942372881355932179e+01,-3.417603856911172883e-02,3.417603856911182597e-02
1.971186440677966090e+01,-3.404770926293614747e-02,3.404770926293624461e-02
2.000000000000000000e+01,-3.392292197551879940e-02,3.392292197551886879e-02
