beta,lambda_c1,lambda_c2
2.000000000000000111e-01,nan,nan
2.086010436124213774e-01,nan,nan
2.175719769809566217e-01,nan,nan
2.269287072952263506e-01,nan,nan
2.366878258370095633e-01,nan,nan
2.468666373997760455e-01,nan,nan
2.574831909734124902e-01,nan,nan
2.685563117485511575e-01,nan,nan
2.801056344972527312e-01,nan,nan
2.921516383892318602e-01,nan,nan
3.047156833053625835e-01,nan,nan
3.178200477128535484e-01,nan,nan
3.314879681692539659e-01,nan,nan
3.457436805253374934e-01,nan,nan
3.606124628999249349e-01,nan,nan
3.761206805028496358e-01,nan,nan
3.922958323855426643e-01,nan,nan
4.091666002021386306e-01,nan,nan
4.267628990675624845e-01,nan,nan
4.451159306027798190e-01,-9.799666114199517830e-01,9.799666114199518940e-01
4.476661103252560503e-01,-9.666110195500409175e-01,9.666110195500410285e-01
4.642582382612699399e-01,-8.964941586401734552e-01,8.964941586401734552e-01
4.842237650348253930e-01,-8.196995008229109869e-01,8.196995008229109869e-01
5.050479136410024328e-01,-7.495826380600703054e-01,7.495826380600704164e-01
5.267676092989457270e-01,-6.794657768066205694e-01,6.794657768066205694e-01
5.494213652049015906e-01,-6.126878159255431111e-01,6.126878159255431111e-01
5.730493508235188216e-01,-5.525876466149000077e-01,5.525876466149000077e-01
5.976934631160329969e-01,-4.958263775894787284e-01,4.958263775894787284e-01
6.233974008316337523e-01,-4.390651093577455644e-01,4.390651093577455644e-01
6.502067419937486159e-01,-3.889816363861584025e-01,3.889816363861584025e-01
6.781690247186418219e-01,-3.388981644721851816e-01,3.388981644721851816e-01
7.073338315096333595e-01,-2.954924877197223076e-01,2.954924877197223076e-01
7.377528771764105819e-01,-2.520868116451994156e-01,2.520868116451995267e-01
7.500000000000000000e-01,-2.353923209465630384e-01,2.353923209465630384e-01
7.523082080349725587e-01,-2.320534229129114223e-01,2.320534229129114223e-01
7.546235198357220675e-01,-2.287145250146861986e-01,2.287145250146861986e-01
7.569459572648741252e-01,-2.253756276899405719e-01,2.253756276899405719e-01
7.592755422523391751e-01,-2.253756262480362260e-01,2.253756262480362260e-01
7.616122967955192280e-01,-2.220367281166204243e-01,2.220367281166204243e-01
7.639562429595155857e-01,-2.186978299992386743e-01,2.186978299992386743e-01
7.663074028773377844e-01,-2.153589319074611097e-01,2.153589319074611097e-01
7.686657987501116507e-01,-2.120200338704130716e-01,2.120200338704131826e-01
7.694801005353288925e-01,-2.120200336713386480e-01,2.120200336713387590e-01
7.710314528472897999e-01,-2.086811359884176431e-01,2.086811359884177541e-01
7.734043875068613572e-01,-2.053422389924200175e-01,2.053422389924201286e-01
7.757846251355631217e-01,-2.053422372721848410e-01,2.053422372721849520e-01
7.781721882090912867e-01,-2.020033391529739708e-01,2.020033391529740818e-01
7.805670992723131585e-01,-1.986644410602882993e-01,1.986644410602884103e-01
7.829693809394805415e-01,-1.953255430277921201e-01,1.953255430277922311e-01
7.853790558944432343e-01,-1.919866451879205238e-01,1.919866451879206348e-01
7.877961468908628584e-01,-1.886477491310895316e-01,1.886477491310896426e-01
7.902206767524280195e-01,-1.886477464639944868e-01,1.886477464639945978e-01
7.926526683730699130e-01,-1.853088483603798076e-01,1.853088483603798076e-01
7.950921447171781509e-01,-1.819699503057843337e-01,1.819699503057843337e-01
7.975391288198178108e-01,-1.786310524013629275e-01,1.786310524013629275e-01
7.999936437869470396e-01,-1.752921556401143832e-01,1.752921556401143832e-01
8.024557127956349900e-01,-1.752921538044982519e-01,1.752921538044982519e-01
8.025717600533025520e-01,-1.752921537957938536e-01,1.752921537957938536e-01
8.049253590942810899e-01,-1.719532557070733991e-01,1.719532557070733991e-01
8.074026060028338669e-01,-1.686143576731433114e-01,1.686143576731433114e-01
8.098874769130118834e-01,-1.652754598777570749e-01,1.652754598777570749e-01
8.123799952885242259e-01,-1.619365704402785655e-01,1.619365704402785655e-01
8.148801846652921066e-01,-1.619365611714311537e-01,1.619365611714311537e-01
8.173880686516712402e-01,-1.585976631035579398e-01,1.585976631035580509e-01
8.199036709286745550e-01,-1.552587651750245434e-01,1.552587651750246545e-01
8.224270152501960141e-01,-1.519198684994936821e-01,1.519198684994937931e-01
8.249581254432346578e-01,-1.519198666623841065e-01,1.519198666623842175e-01
8.274970254081198684e-01,-1.485809685868922647e-01,1.485809685868923757e-01
8.300437391187371894e-01,-1.452420706385895433e-01,1.452420706385896543e-01
8.325982906227538116e-01,-1.419031738041943713e-01,1.419031738041944823e-01
8.351607040418469463e-01,-1.419031721704474835e-01,1.419031721704475946e-01
8.370865336048836092e-01,-1.385642742504179514e-01,1.385642742504180625e-01
8.377310035719306436e-01,-1.385642741035681691e-01,1.385642741035682801e-01
8.403092134833843874e-01,-1.352253762018490735e-01,1.352253762018491845e-01
8.428953581212828006e-01,-1.318864813452351459e-01,1.318864813452352569e-01
8.454894619056250171e-01,-1.318864776955665785e-01,1.318864776955666895e-01
8.480915493315651643e-01,-1.285475796602413290e-01,1.285475796602413290e-01
8.507016449696445104e-01,-1.252086819591838596e-01,1.252086819591838596e-01
8.533197734660221689e-01,-1.252086813266150012e-01,1.252086813266150012e-01
8.559459595427091338e-01,-1.218697832472956655e-01,1.218697832472956655e-01
8.585802279978008711e-01,-1.185308853083296282e-01,1.185308853083296282e-01
8.612226037057116868e-01,-1.151919895970862778e-01,1.151919895970862778e-01
8.638731116174096503e-01,-1.151919868761763777e-01,1.151919868761763777e-01
8.665317767606524058e-01,-1.118530888640556081e-01,1.118530888640556081e-01
8.691986242402230944e-01,-1.085141914639412286e-01,1.085141914639412286e-01
8.718736792381676093e-01,-1.085141905244506322e-01,1.085141905244506322e-01
8.730856225194147946e-01,-1.051752932863825318e-01,1.051752932863825318e-01
8.745569670140324048e-01,-1.051752924823652763e-01,1.051752924823652763e-01
8.772485129051030839e-01,-1.018363948056628943e-01,1.018363948056630053e-01
8.799483423266434290e-01,-1.018363941839750958e-01,1.018363941839752068e-01
8.826564807721356543e-01,-9.849749613012297178e-02,9.849749613012308280e-02
8.853729538135207688e-01,-9.515859837862386539e-02,9.515859837862397641e-02
8.880977871014403835e-01,-9.515859785142417870e-02,9.515859785142428973e-02
8.908310063654789612e-01,-9.181969979699686202e-02,9.181969979699697304e-02
8.935726374144062900e-01,-8.848080205947576882e-02,8.848080205947587984e-02
8.963227061364216208e-01,-8.848080152570736434e-02,8.848080152570747536e-02
8.990812384993982498e-01,-8.514190348115273366e-02,8.514190348115284468e-02
9.018482605511281003e-01,-8.180300585886958464e-02,8.180300585886969567e-02
9.046237984195683035e-01,-8.180300520730220126e-02,8.180300520730231228e-02
9.074078783130875570e-01,-7.846410718739978141e-02,7.846410718739989243e-02
9.102005265207137041e-01,-7.512520996891780545e-02,7.512520996891780545e-02
9.106328601027524616e-01,-7.512520941267626651e-02,7.512520941267626651e-02
9.130017694123822025e-01,-7.512520889858223527e-02,7.512520889858223527e-02
9.158116334391845914e-01,-7.178631093303977639e-02,7.178631093303977639e-02
9.186301451336188473e-01,-6.844741790309136209e-02,6.844741790309136209e-02
9.214573311098394059e-01,-6.844741260560874285e-02,6.844741260560874285e-02
9.242932180639088502e-01,-6.510851478007319282e-02,6.510851478007319282e-02
9.271378327740498193e-01,-6.510851437295903099e-02,6.510851437295903099e-02
9.299912021008980290e-01,-6.176961634458066897e-02,6.176961634458066897e-02
9.328533529877554020e-01,-5.843071914237095432e-02,5.843071914237095432e-02
9.357243124608453089e-01,-5.843071808384312643e-02,5.843071808384312643e-02
9.386041076295670305e-01,-5.509182017263528769e-02,5.509182017263528769e-02
9.414927656867521089e-01,-5.509181987050888046e-02,5.509181987050888046e-02
9.443903139089210308e-01,-5.175292183193167667e-02,5.175292183193167667e-02
9.472967796565407994e-01,-4.841402451826753994e-02,4.841402451826765096e-02
9.497948248259910908e-01,-4.841402361953152378e-02,4.841402361953163480e-02
9.502121903742832831e-01,-4.841402359091831475e-02,4.841402359091841884e-02
9.531365735912843418e-01,-4.507512570500259858e-02,4.507512570500270960e-02
9.560699569214038407e-01,-4.507512538410300695e-02,4.507512538410311798e-02
9.590123680634863312e-01,-4.173622736899634117e-02,4.173622736899645219e-02
9.619638348016226193e-01,-3.839733116698617471e-02,3.839733116698628573e-02
9.649243850054119997e-01,-3.839732912604400944e-02,3.839732912604412046e-02
9.678940466302259349e-01,-3.505843144038290476e-02,3.505843144038301579e-02
9.708728477174712879e-01,-3.505843091712326776e-02,3.505843091712337878e-02
9.738608163948554441e-01,-3.171953299706310736e-02,3.171953299706321838e-02
9.768579808766522099e-01,-3.171953272444795469e-02,3.171953272444806571e-02
9.798643694639675994e-01,-2.838063471750668088e-02,2.838063471750679190e-02
9.828800105450076208e-01,-2.504174107988643358e-02,2.504174107988654460e-02
9.859049325953461729e-01,-2.504173649114024153e-02,2.504173649114035255e-02
9.889391641781937192e-01,-2.170283920456781562e-02,2.170283920456792665e-02
9.906409583818933662e-01,-2.170283841195407709e-02,2.170283841195418811e-02
9.919827339446672942e-01,-2.170283828873614124e-02,2.170283828873625226e-02
9.950356706340607316e-01,-1.836394057959400000e-02,1.836394057959400000e-02
9.980980030741165576e-01,-1.836394009924462861e-02,1.836394009924462861e-02
1.001169760181297441e+00,-1.502504223886707256e-02,1.502504223886707256e-02
1.004250970961060307e+00,-1.502504191758001310e-02,1.502504191758001310e-02
1.007341664508128565e+00,-1.168614398404379043e-02,1.168614398404378869e-02
1.010441870006768994e+00,-1.168614374109190612e-02,1.168614374109190439e-02
1.013551616731065419e+00,-8.347245766990370186e-03,8.347245766990370186e-03
1.016670934045196262e+00,-8.347245568282158842e-03,8.347245568282158842e-03
1.019799851403710989e+00,-5.008347570369675768e-03,5.008347570369675768e-03
1.022938398351809663e+00,-5.008347398261438384e-03,5.008347398261438384e-03
1.026086604525619617e+00,-1.669449386576852060e-03,1.669449386576851843e-03
1.029244499652477884e+00,-1.669449230494138899e-03,1.669449230494138682e-03
1.032412113551210320e+00,1.669448788038091838e-03,-1.669448788038091621e-03
1.033243688818361150e+00,1.669448849296528963e-03,-1.669448849296529397e-03
1.035589476132412701e+00,5.008324483946557937e-03,-5.008324483946558804e-03
1.038776617398735169e+00,5.008346955158691181e-03,-5.008346955158691181e-03
1.041973567445163784e+00,8.347204395909725572e-03,-8.347204395909725572e-03
1.045180356459304960e+00,8.347245115235235949e-03,-8.347245115235235949e-03
1.048397014721671461e+00,8.347245261596081267e-03,-8.347245261596081267e-03
1.051623572605967283e+00,1.168614326765422470e-02,-1.168614326765422470e-02
1.054860060579374759e+00,1.168614342192991415e-02,-1.168614342192991588e-02
1.058106509202842549e+00,1.502504141047866955e-02,-1.502504141047866955e-02
1.061362949131374300e+00,1.502504158007569521e-02,-1.502504158007569521e-02
1.064629411114317303e+00,1.836393953953658481e-02,-1.836393953953658481e-02
1.067905925995653593e+00,1.836393973553235651e-02,-1.836393973553235651e-02
1.071192524714290828e+00,2.170283764592439990e-02,-2.170283764592428888e-02
1.074489238304354721e+00,2.170283788745519180e-02,-2.170283788745508077e-02
1.077678558967290368e+00,2.504173567519861823e-02,-2.504173567519850721e-02
1.077796097895482363e+00,2.504173570835309046e-02,-2.504173570835297943e-02
1.081113134713114876e+00,2.504173603440456794e-02,-2.504173603440445692e-02
1.084440380078793842e+00,2.838063366236285093e-02,-2.838063366236273991e-02
1.087777865410455957e+00,2.838063417380797676e-02,-2.838063417380786574e-02
1.091125622222730129e+00,3.171953118400287763e-02,-3.171953118400276661e-02
1.094483682127235458e+00,3.171953230066730522e-02,-3.171953230066719420e-02
1.097852076832878776e+00,3.171953241450777006e-02,-3.171953241450765903e-02
1.101230838146154634e+00,3.505843040393759324e-02,-3.505843040393748222e-02
1.104619997971445944e+00,3.505843056093175397e-02,-3.505843056093164295e-02
1.108019588311324632e+00,3.839732845359403179e-02,-3.839732845359392077e-02
1.111429641266854285e+00,3.839732869958185218e-02,-3.839732869958174116e-02
1.114850189037892569e+00,4.173622632956223988e-02,-4.173622632956212886e-02
1.118281263923396551e+00,4.173622682442214293e-02,-4.173622682442203191e-02
1.121722898321726225e+00,4.507512247737238686e-02,-4.507512247737227584e-02
1.124024360396535860e+00,4.507512479869957289e-02,-4.507512479869946187e-02
1.125175124730951381e+00,4.507512492080722327e-02,-4.507512492080711225e-02
1.128637975749158473e+00,4.507512505668988256e-02,-4.507512505668977154e-02
1.132111484074757701e+00,4.841402294169803305e-02,-4.841402294169792203e-02
1.135595682506792325e+00,4.841402318712316466e-02,-4.841402318712305364e-02
1.139090603945248859e+00,5.175292060761001178e-02,-5.175292060761001178e-02
1.142596281391366375e+00,5.175292129362794868e-02,-5.175292129362794868e-02
1.146112747947949373e+00,5.175292139653435430e-02,-5.175292139653435430e-02
1.149640036819679967e+00,5.509181933716700980e-02,-5.509181933716700980e-02
1.153178181313430972e+00,5.509181952647600189e-02,-5.509181952647600189e-02
1.156727214838581208e+00,5.843071709180488321e-02,-5.843071709180488321e-02
1.160287170907330578e+00,5.843071762986627032e-02,-5.843071762986627032e-02
1.163858083135015598e+00,5.843071772565854027e-02,-5.843071772565854027e-02
1.167439985240428912e+00,6.176961565616163885e-02,-6.176961565616163885e-02
1.171032911046135938e+00,6.176961584995455112e-02,-6.176961584995455112e-02
1.172363273122508875e+00,6.176961587856270169e-02,-6.176961587856270169e-02
1.174636894478794602e+00,6.510851320282898258e-02,-6.510851320282898258e-02
1.178251969569476199e+00,6.510851393662492326e-02,-6.510851393662492326e-02
1.181878170453986021e+00,6.510851404470724413e-02,-6.510851404470724413e-02
1.185515531373186882e+00,6.844741188395392362e-02,-6.844741188395392362e-02
1.189164086673320631e+00,6.844741215485630748e-02,-6.844741215485630748e-02
1.192823870806334119e+00,7.178630586526481283e-02,-7.178630586526481283e-02
1.196494918330203827e+00,7.178631019285035275e-02,-7.178631019285035275e-02
1.200177263909262049e+00,7.178631034921746645e-02,-7.178631034921746645e-02
1.203870942314524184e+00,7.512520771652218821e-02,-7.512520771652218821e-02
1.207575988424018032e+00,7.512520842253102293e-02,-7.512520842253102293e-02
1.211292437223111751e+00,7.512520853173182411e-02,-7.512520853173182411e-02
1.215020323804844926e+00,7.846410625363643698e-02,-7.846410625363632596e-02
1.218759683370259861e+00,7.846410662184692686e-02,-7.846410662184681584e-02
1.222510551228734421e+00,7.846410670732276160e-02,-7.846410670732265058e-02
1.222781011331147694e+00,7.846410671101156087e-02,-7.846410671101144985e-02
1.226272962798314214e+00,8.180300454920313991e-02,-8.180300454920302888e-02
1.230046953606048543e+00,8.180300480576851996e-02,-8.180300480576840894e-02
1.233832559288324582e+00,8.180300487831573819e-02,-8.180300487831562717e-02
1.237629815591204663e+00,8.514190277086616798e-02,-8.514190277086605696e-02
1.241438758370763562e+00,8.514190298018306513e-02,-8.514190298018295411e-02
1.245259423593427117e+00,8.514190304587225533e-02,-8.514190304587214431e-02
1.249091847336311956e+00,8.848080095611962625e-02,-8.848080095611951523e-02
1.252936065787565889e+00,8.848080114755581260e-02,-8.848080114755570158e-02
1.256792115246709640e+00,8.848080121052648295e-02,-8.848080121052637192e-02
1.260660032124979679e+00,9.181969911494770875e-02,-9.181969911494759773e-02
1.264539852945672616e+00,9.181969930860910123e-02,-9.181969930860899021e-02
1.268431614344488922e+00,9.181969937238962376e-02,-9.181969937238951274e-02
1.272335353069879771e+00,9.515859724488073823e-02,-9.515859724488062721e-02
1.275366975365646915e+00,9.515859743609884902e-02,-9.515859743609873800e-02
1.276251105983393641e+00,9.515859746272685438e-02,-9.515859746272674335e-02
1.280178910060025155e+00,9.515859753118616204e-02,-9.515859753118605102e-02
1.284118802388562353e+00,9.849749532748408587e-02,-9.849749532748397485e-02
1.288070820171939079e+00,9.849749560758183642e-02,-9.849749560758172540e-02
1.292035000727585148e+00,9.849749568614736550e-02,-9.849749568614725448e-02
1.296011381487778724e+00,1.018363932932625088e-01,-1.018363932932623978e-01
1.300000000000000044e+00,1.018363937375080103e-01,-1.018363937375078992e-01
1.330214410250456059e+00,1.085141901444003909e-01,-1.085141901444003909e-01
1.387420571032633720e+00,1.218697826918603566e-01,-1.218697826918603566e-01
1.447086895233745008e+00,1.318864773112454758e-01,-1.318864773112453648e-01
1.509319182718089181e+00,1.419031717961416472e-01,-1.419031717961415362e-01
1.574227783296201499e+00,1.519198660782161148e-01,-1.519198660782160037e-01
1.641927792396281616e+00,1.585976625882186963e-01,-1.585976625882185853e-01
1.712539255150517414e+00,1.652754589078086200e-01,-1.652754589078086200e-01
1.786187379258183272e+00,1.719532549386078857e-01,-1.719532549386078857e-01
1.863002757002964138e+00,1.752921534357216871e-01,-1.752921534357216871e-01
1.943121596818182750e+00,1.786310516358992351e-01,-1.786310516358992351e-01
2.026685964810537754e+00,1.819699497943207400e-01,-1.819699497943207400e-01
2.113844036670625925e+00,1.853088478974016240e-01,-1.853088478974016240e-01
2.204750360416930732e+00,1.886477441883975814e-01,-1.886477441883974704e-01
2.299566130439168798e+00,1.886477460521139293e-01,-1.886477460521138183e-01
2.398459473326941094e+00,1.886477461239104980e-01,-1.886477461239103870e-01
2.501605745990491236e+00,1.886477461432572444e-01,-1.886477461432571334e-01
2.609187846602232241e+00,1.886477461450668802e-01,-1.886477461450667692e-01
2.721396538910359375e+00,1.886477461325885840e-01,-1.886477461325884730e-01
2.838430790499662848e+00,1.886477460933420336e-01,-1.886477460933419226e-01
2.960498125599298369e+00,1.886477459318135486e-01,-1.886477459318134375e-01
3.087814993063153768e+00,1.853088479991683857e-01,-1.853088479991683857e-01
3.220607150175278655e+00,1.853088479420678947e-01,-1.853088479420678947e-01
3.359110062960946053e+00,1.853088473524585611e-01,-1.853088473524585611e-01
3.503569323713199513e+00,1.819699498055554199e-01,-1.819699498055554199e-01
3.654241086475193079e+00,1.819699494380673799e-01,-1.819699494380673799e-01
3.811392521250569487e+00,1.786310516447355834e-01,-1.786310516447355834e-01
3.975302287747232377e+00,1.786310511387002864e-01,-1.786310511387002864e-01
4.146261029494595185e+00,1.752921534729415809e-01,-1.752921534729415809e-01
4.324571889210425013e+00,1.752921519117677795e-01,-1.752921519117677795e-01
4.510551046331174874e+00,1.719532552944622594e-01,-1.719532552944622594e-01
4.704528277658912572e+00,1.686143571947822384e-01,-1.686143571947822384e-01
4.906847542118980776e+00,1.686143571146390685e-01,-1.686143571146390685e-01
5.117867590665321487e+00,1.652754590287947301e-01,-1.652754590287947301e-01
5.337962602414870972e+00,1.652754589432770538e-01,-1.652754589432770538e-01
5.567522848139095260e+00,1.619365608657742928e-01,-1.619365608657742928e-01
5.806955382289077150e+00,1.619365607895152104e-01,-1.619365607895152104e-01
6.056684764781342878e+00,1.585976627065896205e-01,-1.585976627065895095e-01
6.317153813824205599e+00,1.585976626506640508e-01,-1.585976626506639398e-01
6.588824391119583623e+00,1.585976620507813240e-01,-1.585976620507812129e-01
6.872178220832611650e+00,1.552587645152080087e-01,-1.552587645152078977e-01
7.167717743781176765e+00,1.552587643828583497e-01,-1.552587643828582387e-01
7.475967008360120403e+00,1.519198663752687750e-01,-1.519198663752686640e-01
7.797472599779761815e+00,1.519198663296526808e-01,-1.519198663296525698e-01
8.132804609266591100e+00,1.519198661395042560e-01,-1.519198661395041450e-01
8.482557644944611397e+00,1.485809682104551610e-01,-1.485809682104550500e-01
8.847351886189843029e+00,1.485809681743118504e-01,-1.485809681743117394e-01
9.227834183327630058e+00,1.485809680765568797e-01,-1.485809680765567686e-01
9.624679204622596629e+00,1.485809669187627413e-01,-1.485809669187626303e-01
1.003859063259521811e+01,1.452420700390081865e-01,-1.452420700390080754e-01
1.047030241178619647e+01,1.452420700085991223e-01,-1.452420700085990113e-01
1.092058005018126643e+01,1.452420699489279932e-01,-1.452420699489278821e-01
1.139022197660400160e+01,1.452420697821533990e-01,-1.452420697821532880e-01
1.188006095648365523e+01,1.452420670177323458e-01,-1.452420670177322348e-01
1.239096556850835995e+01,1.419031718796527897e-01,-1.419031718796526786e-01
1.292384174478211634e+01,1.419031718653282759e-01,-1.419031718653281648e-01
1.347963437721663205e+01,1.419031718470741277e-01,-1.419031718470740167e-01
1.405932899300630190e+01,1.419031718234373962e-01,-1.419031718234372852e-01
1.466395350215744209e+01,1.419031717922322189e-01,-1.419031717922321079e-01
1.529458002017031326e+01,1.419031717500285894e-01,-1.419031717500284784e-01
1.595232676910608305e+01,1.419031716911457186e-01,-1.419031716911456076e-01
1.663836006040947169e+01,1.419031716054816594e-01,-1.419031716054815484e-01
1.735389636300322280e+01,1.419031714732302829e-01,-1.419031714732301719e-01
1.810020446032138253e+01,1.419031712496376940e-01,-1.419031712496375830e-01
1.887860770010621891e+01,1.419031708078224707e-01,-1.419031708078223597e-01
1.969048634095825889e+01,1.419031695910149826e-01,-1.419031695910148716e-01
2.053727999980009855e+01,1.419031547106565372e-01,-1.419031547106564262e-01
2.142049020459404218e+01,1.385642737218559795e-01,-1.385642737218558684e-01
2.234168305683982680e+01,1.385642737206322361e-01,-1.385642737206321251e-01
2.330249200857371861e+01,1.385642737196310093e-01,-1.385642737196308982e-01
2.430462075879292527e+01,1.385642737188261253e-01,-1.385642737188260143e-01
2.534984627444161731e+01,1.385642737181899675e-01,-1.385642737181898565e-01
2.644002194131485695e+01,1.385642737176954187e-01,-1.385642737176953077e-01
2.757708085046801116e+01,1.385642737173171379e-01,-1.385642737173170269e-01
2.876303922595873175e+01,1.385642737170323380e-01,-1.385642737170322270e-01
3.000000000000000000e+01,1.385642737168213401e-01,-1.385642737168212291e-01
